name,score
FTR51_len_sum,572
FTR33_sum,250
FTR51_len_mean,238
FTR43_sum,196
FTR16_kurt,186
week_mean,184
FTR41_sum,165
FTR34_skew_x,161
"FTR33__fft_coefficient__coeff_4__attr_""imag""",156
FTR51_len_kurt,154
FTR14_sum,153
FTR43_max_y,145
FTR33__spkt_welch_density__coeff_2,142
FTR9_sum,141
day_mean,141
FTR33__ar_coefficient__k_10__coeff_3,133
FTR51_len_std,126
FTR33__quantile__q_0.6,122
FTR32_kurt2_x,122
"FTR33__fft_coefficient__coeff_3__attr_""imag""",121
"FTR33__change_quantiles__f_agg_""mean""__isabs_True__qh_0.6__ql_0.2",121
FTR33__spkt_welch_density__coeff_5,120
"FTR33__fft_coefficient__coeff_3__attr_""angle""",119
"FTR33__fft_coefficient__coeff_0__attr_""abs""",116
"FTR33__agg_linear_trend__f_agg_""max""__chunk_len_10__attr_""stderr""",116
"FTR33__change_quantiles__f_agg_""mean""__isabs_False__qh_1.0__ql_0.6",116
FTR36_sum,116
FTR5_skew,115
FTR33__last_location_of_maximum,115
year_2016,115
FTR33__partial_autocorrelation__lag_4,113
"FTR33__cwt_coefficients__widths_(2, 5, 10, 20)__coeff_13__w_2",113
FTR32_skew_x,112
FTR36_std,112
"FTR33__change_quantiles__f_agg_""mean""__isabs_True__qh_0.4__ql_0.0",111
FTR33__ratio_beyond_r_sigma__r_0.5,111
"FTR33__cwt_coefficients__widths_(2, 5, 10, 20)__coeff_12__w_5",110
FTR43_skew,109
"FTR33__fft_coefficient__coeff_2__attr_""angle""",107
FTR34_mean_x,107
"FTR33__change_quantiles__f_agg_""mean""__isabs_False__qh_0.6__ql_0.2",107
"FTR33__change_quantiles__f_agg_""var""__isabs_False__qh_0.6__ql_0.0",106
FTR33_max,106
FTR14_mean_x,106
FTR35_kurt2_y,106
day_std,105
FTR48_std,104
FTR33__autocorrelation__lag_5,101
FTR33__autocorrelation__lag_4,101
FTR23_kurt2_x,101
"FTR33__change_quantiles__f_agg_""var""__isabs_True__qh_0.6__ql_0.0",101
"FTR33__change_quantiles__f_agg_""var""__isabs_False__qh_0.6__ql_0.2",100
"FTR33__change_quantiles__f_agg_""mean""__isabs_False__qh_0.8__ql_0.2",100
FTR33__energy_ratio_by_chunks__num_segments_10__segment_focus_8,99
FTR9_skew_x,99
FTR42_std,97
"FTR33__fft_coefficient__coeff_5__attr_""angle""",97
FTR33__partial_autocorrelation__lag_5,96
FTR5_kurt2_y,96
FTR33__ar_coefficient__k_10__coeff_1,96
FTR43_std,95
FTR33__quantile__q_0.9,94
FTR5_kurt2_x,94
FTR43_kurt,94
FTR44_mean_x,94
FTR33__energy_ratio_by_chunks__num_segments_10__segment_focus_7,94
"FTR33__fft_coefficient__coeff_7__attr_""angle""",93
FTR34_skew,93
FTR33_std,93
FTR18_kurt2_x,92
"FTR33__agg_linear_trend__f_agg_""min""__chunk_len_10__attr_""slope""",91
"FTR33__agg_linear_trend__f_agg_""max""__chunk_len_50__attr_""intercept""",91
FTR9_skew_y,91
FTR30_kurt2_x,91
FTR33__approximate_entropy__m_2__r_0.1,91
FTR33__sum_of_reoccurring_data_points,91
FTR43_kurt2_x,90
"FTR33__change_quantiles__f_agg_""mean""__isabs_True__qh_0.6__ql_0.0",90
FTR34_skew_y,90
FTR33__energy_ratio_by_chunks__num_segments_10__segment_focus_1,90
FTR33__partial_autocorrelation__lag_3,89
"FTR33__fft_coefficient__coeff_2__attr_""imag""",88
FTR43_skew_y,88
"FTR33__change_quantiles__f_agg_""mean""__isabs_True__qh_0.8__ql_0.4",87
FTR32_std,87
FTR33__energy_ratio_by_chunks__num_segments_10__segment_focus_2,87
day_min,86
FTR34_std_x,86
FTR33__first_location_of_maximum,85
"FTR33__fft_coefficient__coeff_4__attr_""angle""",85
FTR48_mean,85
FTR16_skew,85
FTR28_skew_y,85
FTR5_sum,85
FTR9_kurt,84
"FTR33__change_quantiles__f_agg_""mean""__isabs_False__qh_0.6__ql_0.0",84
FTR17_max_x,83
FTR32_skew_y,83
FTR33__ar_coefficient__k_10__coeff_2,83
FTR44_std,83
FTR33__autocorrelation__lag_2,83
"FTR33__change_quantiles__f_agg_""mean""__isabs_False__qh_0.8__ql_0.4",83
FTR51_len_skew,82
"FTR33__linear_trend__attr_""pvalue""",82
"FTR33__change_quantiles__f_agg_""var""__isabs_False__qh_0.4__ql_0.0",82
FTR33__partial_autocorrelation__lag_2,82
FTR33__partial_autocorrelation__lag_6,82
FTR33__autocorrelation__lag_3,82
FTR35_skew,81
month_11,81
"FTR33__change_quantiles__f_agg_""mean""__isabs_False__qh_0.4__ql_0.0",80
FTR33__energy_ratio_by_chunks__num_segments_10__segment_focus_3,80
FTR0_kurt2_y,80
"FTR33__change_quantiles__f_agg_""mean""__isabs_False__qh_0.8__ql_0.0",80
FTR44_skew,80
FTR33__first_location_of_minimum,79
FTR33__ratio_beyond_r_sigma__r_1.5,79
FTR33__energy_ratio_by_chunks__num_segments_10__segment_focus_9,79
FTR33__autocorrelation__lag_7,79
FTR33__sample_entropy,78
FTR33__energy_ratio_by_chunks__num_segments_10__segment_focus_6,78
"FTR33__fft_coefficient__coeff_10__attr_""angle""",78
"FTR33__cwt_coefficients__widths_(2, 5, 10, 20)__coeff_12__w_2",78
"FTR33__fft_coefficient__coeff_6__attr_""real""",78
FTR17_std,78
FTR33__partial_autocorrelation__lag_8,77
FTR30_skew,77
FTR33__partial_autocorrelation__lag_9,77
day_skew,77
FTR23_std,76
"FTR33__cwt_coefficients__widths_(2, 5, 10, 20)__coeff_7__w_2",76
FTR0_mean_y,75
FTR33__approximate_entropy__m_2__r_0.9,75
FTR33__ar_coefficient__k_10__coeff_4,75
FTR28_sum,75
FTR35_max_y,75
"FTR33__cwt_coefficients__widths_(2, 5, 10, 20)__coeff_9__w_2",75
FTR23_mean_x,74
FTR17_kurt2_x,74
FTR33__autocorrelation__lag_6,73
"FTR33__fft_coefficient__coeff_6__attr_""imag""",73
"FTR33__change_quantiles__f_agg_""var""__isabs_False__qh_1.0__ql_0.4",73
FTR33__median,73
FTR33__binned_entropy__max_bins_10,73
"FTR33__fft_aggregated__aggtype_""skew""",73
FTR10_kurt2_x,73
FTR23_std_x,73
"FTR33__cwt_coefficients__widths_(2, 5, 10, 20)__coeff_14__w_2",73
"FTR33__fft_coefficient__coeff_2__attr_""real""",73
FTR34_kurt,72
"FTR33__agg_linear_trend__f_agg_""max""__chunk_len_5__attr_""rvalue""",72
"FTR33__fft_coefficient__coeff_7__attr_""imag""",72
FTR35_std_y,71
"FTR33__fft_coefficient__coeff_5__attr_""imag""",71
FTR16_skew_x,71
"FTR33__change_quantiles__f_agg_""mean""__isabs_False__qh_1.0__ql_0.4",71
FTR17_skew,71
FTR36_max,71
FTR33__index_mass_quantile__q_0.1,71
FTR50_kurt2_y,71
FTR35_max,70
"FTR33__fft_coefficient__coeff_1__attr_""real""",70
FTR30_skew_y,70
FTR34_kurt2_y,70
FTR18_kurt,69
FTR33__ratio_beyond_r_sigma__r_2,69
FTR33__abs_energy,69
FTR50_kurt2_x,69
FTR42_sum,69
"FTR33__change_quantiles__f_agg_""mean""__isabs_False__qh_1.0__ql_0.0",69
FTR33__autocorrelation__lag_1,69
"FTR33__agg_linear_trend__f_agg_""var""__chunk_len_5__attr_""rvalue""",69
FTR41_std,68
FTR34_mean_y,68
FTR33__autocorrelation__lag_9,68
FTR33__index_mass_quantile__q_0.9,68
FTR32_kurt,68
FTR35_mean_x,67
FTR30_sum,67
FTR44_skew_y,67
FTR5_skew_y,67
FTR35_kurt,67
"FTR33__fft_coefficient__coeff_3__attr_""real""",67
FTR9_kurt2_x,67
FTR0_std,67
"FTR33__fft_coefficient__coeff_6__attr_""angle""",67
FTR51_nunique,67
FTR0_std_y,67
"FTR33__agg_autocorrelation__f_agg_""var""",67
"FTR33__change_quantiles__f_agg_""mean""__isabs_False__qh_0.6__ql_0.4",67
"FTR33__cwt_coefficients__widths_(2, 5, 10, 20)__coeff_0__w_20",67
FTR32_mean_x,66
"FTR33__fft_coefficient__coeff_4__attr_""abs""",66
"FTR33__fft_coefficient__coeff_20__attr_""real""",66
FTR35_mean_y,66
FTR44_kurt2_y,66
FTR17_max_y,66
FTR33__mean_second_derivative_central,66
FTR42_mean_x,66
FTR18_mean_x,66
FTR9_min_x,66
FTR42_kurt,66
FTR18_skew_x,66
"FTR33__agg_autocorrelation__f_agg_""mean""",65
FTR33__sum_of_reoccurring_values,65
FTR32_skew,65
FTR33_mean,65
"FTR33__change_quantiles__f_agg_""mean""__isabs_False__qh_1.0__ql_0.2",65
FTR9_skew,64
"FTR33__cwt_coefficients__widths_(2, 5, 10, 20)__coeff_8__w_2",64
FTR10_sum,64
FTR48_kurt2_y,64
"FTR33__cwt_coefficients__widths_(2, 5, 10, 20)__coeff_11__w_5",64
FTR48_mean_x,64
FTR33__quantile__q_0.1,64
"FTR33__change_quantiles__f_agg_""var""__isabs_True__qh_0.4__ql_0.0",64
FTR43_skew_x,63
"FTR33__agg_linear_trend__f_agg_""mean""__chunk_len_10__attr_""stderr""",63
FTR42_skew,63
FTR8_kurt2_y,63
FTR16_kurt2_y,63
FTR43_max,63
"FTR33__fft_coefficient__coeff_5__attr_""real""",62
"FTR33__fft_coefficient__coeff_12__attr_""angle""",62
FTR33__last_location_of_minimum,62
FTR0_skew_x,62
FTR48_skew,62
year_2015,62
FTR33__quantile__q_0.7,62
"FTR33__fft_coefficient__coeff_6__attr_""abs""",62
"FTR33__cwt_coefficients__widths_(2, 5, 10, 20)__coeff_7__w_10",62
FTR33__approximate_entropy__m_2__r_0.3,62
FTR23_skew_y,61
FTR17_kurt2_y,61
"FTR33__change_quantiles__f_agg_""mean""__isabs_False__qh_0.2__ql_0.0",61
FTR30_skew_x,61
FTR5_skew_x,61
FTR48_skew_y,61
FTR33__quantile__q_0.4,61
FTR41_kurt2_x,61
FTR48_kurt2_x,60
month_2,60
FTR30_max,60
FTR33__longest_strike_below_mean,60
"FTR33__fft_coefficient__coeff_8__attr_""angle""",60
FTR0_mean,60
"FTR33__fft_coefficient__coeff_1__attr_""angle""",60
FTR48_max,60
"FTR33__change_quantiles__f_agg_""var""__isabs_True__qh_1.0__ql_0.4",60
"FTR33__cwt_coefficients__widths_(2, 5, 10, 20)__coeff_0__w_5",60
"FTR33__agg_linear_trend__f_agg_""mean""__chunk_len_5__attr_""stderr""",60
"FTR33__change_quantiles__f_agg_""mean""__isabs_False__qh_0.8__ql_0.6",59
"FTR33__augmented_dickey_fuller__attr_""pvalue""",59
FTR44_mean,59
FTR42_skew_x,59
FTR33__autocorrelation__lag_8,59
"FTR33__cwt_coefficients__widths_(2, 5, 10, 20)__coeff_11__w_2",59
FTR18_skew_y,58
FTR29_kurt2_x,58
FTR48_std_y,57
FTR0_skew,57
FTR18_std_y,57
FTR32_kurt2_y,57
FTR9_min,57
"FTR33__fft_coefficient__coeff_1__attr_""abs""",57
FTR0_kurt,57
"FTR33__fft_coefficient__coeff_10__attr_""real""",57
FTR17_skew_x,57
FTR44_kurt,57
FTR33__count_above_mean,57
FTR48_std_x,57
FTR33__index_mass_quantile__q_0.2,57
FTR33_max_y,56
FTR41_min,56
FTR17_kurt,56
FTR33__energy_ratio_by_chunks__num_segments_10__segment_focus_5,56
FTR23_skew_x,56
FTR35_skew_y,56
FTR42_kurt2_x,55
"FTR33__agg_autocorrelation__f_agg_""median""",55
FTR35_std,55
FTR35_mean,55
FTR18_std,55
FTR16_kurt2_x,55
"FTR33__change_quantiles__f_agg_""var""__isabs_True__qh_0.8__ql_0.0",55
"FTR33__cwt_coefficients__widths_(2, 5, 10, 20)__coeff_5__w_2",54
FTR33__partial_autocorrelation__lag_7,54
"FTR33__cwt_coefficients__widths_(2, 5, 10, 20)__coeff_6__w_2",54
"FTR33__fft_coefficient__coeff_4__attr_""real""",54
"FTR33__fft_coefficient__coeff_2__attr_""abs""",54
FTR42_std_x,54
FTR23_max_x,54
FTR0_mean_x,54
FTR44_kurt2_x,54
FTR33__index_mass_quantile__q_0.4,54
FTR14_mean_y,54
weekday_1,54
"FTR33__cwt_coefficients__widths_(2, 5, 10, 20)__coeff_3__w_2",54
FTR17_skew_y,54
"FTR33__cwt_coefficients__widths_(2, 5, 10, 20)__coeff_0__w_2",54
"FTR33__cwt_coefficients__widths_(2, 5, 10, 20)__coeff_4__w_2",54
FTR16_skew_y,54
FTR48_kurt,54
"FTR33__fft_coefficient__coeff_9__attr_""abs""",53
"FTR33__fft_aggregated__aggtype_""kurtosis""",53
"FTR33__fft_coefficient__coeff_7__attr_""real""",53
"FTR33__agg_linear_trend__f_agg_""min""__chunk_len_5__attr_""rvalue""",53
FTR18_skew,53
"FTR33__fft_coefficient__coeff_9__attr_""real""",53
FTR30_kurt,53
"FTR33__fft_coefficient__coeff_8__attr_""real""",53
"FTR33__change_quantiles__f_agg_""var""__isabs_False__qh_0.8__ql_0.4",53
"FTR33__fft_coefficient__coeff_9__attr_""angle""",53
FTR33_skew,52
"FTR33__cwt_coefficients__widths_(2, 5, 10, 20)__coeff_1__w_2",52
"FTR33__fft_coefficient__coeff_13__attr_""real""",52
FTR9_mean_x,52
FTR33__ratio_beyond_r_sigma__r_1,52
"FTR33__fft_coefficient__coeff_13__attr_""angle""",52
day_nunique,52
FTR33__ratio_value_number_to_time_series_length,51
FTR18_max_x,51
FTR42_std_y,51
"FTR33__change_quantiles__f_agg_""mean""__isabs_True__qh_0.2__ql_0.0",51
"FTR33__change_quantiles__f_agg_""mean""__isabs_False__qh_0.4__ql_0.2",51
weekday_6,51
FTR9_std,51
"FTR33__cwt_coefficients__widths_(2, 5, 10, 20)__coeff_13__w_5",51
FTR48_skew_x,51
"FTR33__agg_linear_trend__f_agg_""min""__chunk_len_5__attr_""stderr""",51
FTR32_min_x,51
FTR34_kurt2_x,51
FTR30_std,51
"FTR33__fft_coefficient__coeff_9__attr_""imag""",50
"FTR33__fft_coefficient__coeff_12__attr_""imag""",50
FTR33__approximate_entropy__m_2__r_0.7,50
"FTR33__cwt_coefficients__widths_(2, 5, 10, 20)__coeff_6__w_10",50
"FTR33__cwt_coefficients__widths_(2, 5, 10, 20)__coeff_1__w_20",50
FTR33__approximate_entropy__m_2__r_0.5,50
FTR44_mean_y,50
"FTR33__cwt_coefficients__widths_(2, 5, 10, 20)__coeff_10__w_2",50
FTR23_std_y,50
FTR9_min_y,50
"FTR33__change_quantiles__f_agg_""var""__isabs_False__qh_1.0__ql_0.6",50
"FTR33__fft_coefficient__coeff_5__attr_""abs""",50
"FTR33__cwt_coefficients__widths_(2, 5, 10, 20)__coeff_8__w_20",50
FTR50_skew,50
FTR28_skew,50
FTR33__index_mass_quantile__q_0.7,50
FTR35_kurt2_x,50
"FTR33__change_quantiles__f_agg_""mean""__isabs_True__qh_1.0__ql_0.8",50
"FTR33__linear_trend__attr_""stderr""",49
FTR30_kurt2_y,49
"FTR33__agg_linear_trend__f_agg_""max""__chunk_len_10__attr_""rvalue""",49
FTR5_kurt,49
FTR17_mean,49
FTR38_mean_x,49
"FTR33__fft_coefficient__coeff_8__attr_""imag""",49
FTR43_mean_x,49
"FTR33__agg_linear_trend__f_agg_""min""__chunk_len_10__attr_""rvalue""",49
FTR16_std_x,49
FTR33_skew_y,49
FTR41_max_y,49
FTR47_max,49
FTR44_skew_x,49
FTR41_min_y,49
"FTR33__change_quantiles__f_agg_""mean""__isabs_True__qh_1.0__ql_0.4",49
FTR23_skew,49
"FTR33__fft_coefficient__coeff_7__attr_""abs""",48
FTR29_std_y,48
FTR43_max_x,48
"FTR33__fft_coefficient__coeff_10__attr_""abs""",48
FTR5_std_x,48
"FTR33__fft_coefficient__coeff_3__attr_""abs""",48
"FTR33__fft_coefficient__coeff_12__attr_""real""",48
FTR30_min_x,48
"FTR33__agg_linear_trend__f_agg_""min""__chunk_len_10__attr_""intercept""",48
FTR50_sum,47
FTR33_min,47
"FTR33__fft_coefficient__coeff_11__attr_""real""",47
FTR9_mean_y,47
"FTR33__agg_linear_trend__f_agg_""max""__chunk_len_10__attr_""slope""",47
"FTR33__cwt_coefficients__widths_(2, 5, 10, 20)__coeff_7__w_20",47
FTR8_sum,47
FTR29_sum,47
FTR36_min_y,47
FTR36_mean,47
FTR38_mean_y,47
FTR17_std_x,46
FTR28_kurt2_x,46
"FTR33__cwt_coefficients__widths_(2, 5, 10, 20)__coeff_14__w_5",46
"FTR33__change_quantiles__f_agg_""var""__isabs_True__qh_0.6__ql_0.2",46
FTR23_min_y,46
FTR12_sum,46
FTR34_min,46
FTR43_mean_y,45
"FTR33__change_quantiles__f_agg_""var""__isabs_True__qh_0.2__ql_0.0",45
FTR33__energy_ratio_by_chunks__num_segments_10__segment_focus_4,45
FTR42_kurt2_y,45
FTR33__time_reversal_asymmetry_statistic__lag_2,45
FTR28_min,45
"FTR33__fft_coefficient__coeff_10__attr_""imag""",45
FTR36_min,45
"FTR33__change_quantiles__f_agg_""var""__isabs_True__qh_1.0__ql_0.6",45
FTR0_kurt2_x,45
FTR42_skew_y,45
FTR35_skew_x,45
"FTR33__agg_linear_trend__f_agg_""min""__chunk_len_5__attr_""slope""",45
FTR33__ar_coefficient__k_10__coeff_0,45
FTR33__energy_ratio_by_chunks__num_segments_10__segment_focus_0,45
FTR29_mean_y,44
"FTR33__agg_linear_trend__f_agg_""min""__chunk_len_5__attr_""intercept""",44
FTR36_kurt2_x,44
FTR9_std_y,44
FTR8_std_y,44
FTR42_mean_y,44
FTR18_mean_y,44
FTR12_std_x,44
FTR34_std_y,44
FTR48_mean_y,44
"FTR33__change_quantiles__f_agg_""var""__isabs_False__qh_1.0__ql_0.2",44
FTR28_min_y,44
FTR35_std_x,44
FTR41_kurt,44
FTR18_std_x,44
FTR33__c3__lag_3,44
"FTR33__fft_coefficient__coeff_0__attr_""real""",44
"FTR33__fft_aggregated__aggtype_""centroid""",44
FTR5_mean_x,44
FTR17_mean_x,44
month_10,44
FTR38_sum,44
FTR9_max_y,44
weekday_7,44
FTR12_mean_x,43
FTR43_min,43
"FTR33__change_quantiles__f_agg_""var""__isabs_True__qh_0.8__ql_0.4",43
FTR33__quantile__q_0.8,43
FTR30_max_x,43
FTR12_kurt2_y,43
"FTR33__fft_coefficient__coeff_11__attr_""imag""",43
FTR10_std_y,43
FTR17_std_y,43
FTR9_max,43
FTR33__absolute_sum_of_changes,43
FTR33__quantile__q_0.3,42
"FTR33__cwt_coefficients__widths_(2, 5, 10, 20)__coeff_12__w_20",42
FTR9_mean,42
FTR14_mean,42
FTR44_min_x,42
FTR33__time_reversal_asymmetry_statistic__lag_1,42
FTR33__spkt_welch_density__coeff_8,42
FTR9_std_x,42
FTR16_mean_x,42
FTR28_std,42
"FTR33__agg_linear_trend__f_agg_""max""__chunk_len_5__attr_""intercept""",42
"FTR33__cwt_coefficients__widths_(2, 5, 10, 20)__coeff_8__w_10",42
FTR47_mean_x,42
FTR0_std_x,42
FTR9_kurt2_y,41
FTR0_min_y,41
FTR28_kurt2_y,41
FTR0_min_x,41
FTR14_max,41
FTR33_min_y,41
"FTR33__change_quantiles__f_agg_""mean""__isabs_False__qh_1.0__ql_0.8",41
FTR23_kurt2_y,41
"FTR33__change_quantiles__f_agg_""mean""__isabs_True__qh_1.0__ql_0.6",41
"FTR33__change_quantiles__f_agg_""mean""__isabs_True__qh_0.8__ql_0.6",41
"FTR33__agg_linear_trend__f_agg_""var""__chunk_len_5__attr_""stderr""",41
is_weekend_sum,41
"FTR33__cwt_coefficients__widths_(2, 5, 10, 20)__coeff_10__w_5",41
"FTR33__agg_linear_trend__f_agg_""var""__chunk_len_10__attr_""rvalue""",41
FTR43_kurt2_y,40
FTR5_max,40
FTR41_skew,40
FTR36_kurt2_y,40
"FTR33__change_quantiles__f_agg_""mean""__isabs_True__qh_0.8__ql_0.2",40
FTR41_skew_y,40
"FTR33__cwt_coefficients__widths_(2, 5, 10, 20)__coeff_2__w_2",40
"FTR33__fft_coefficient__coeff_1__attr_""imag""",40
FTR16_max,40
FTR38_skew_x,40
FTR38_max_y,40
FTR18_kurt2_y,40
FTR33__c3__lag_2,40
"FTR33__agg_linear_trend__f_agg_""max""__chunk_len_5__attr_""slope""",39
FTR17_mean_y,39
FTR30_mean,39
FTR23_mean_y,39
"FTR33__change_quantiles__f_agg_""var""__isabs_False__qh_0.2__ql_0.0",39
"FTR33__change_quantiles__f_agg_""var""__isabs_True__qh_0.8__ql_0.2",39
FTR41_mean,39
FTR32_std_y,39
FTR29_std,39
"FTR33__agg_linear_trend__f_agg_""mean""__chunk_len_10__attr_""slope""",39
FTR32_std_x,39
A0B0C0E0D0_count,39
FTR42_max,39
FTR43_std_x,39
"FTR33__fft_coefficient__coeff_18__attr_""imag""",38
FTR8_max,38
FTR34_sum,38
FTR44_std_y,38
"FTR33__agg_linear_trend__f_agg_""var""__chunk_len_5__attr_""slope""",38
"FTR33__agg_linear_trend__f_agg_""max""__chunk_len_5__attr_""stderr""",38
FTR2_sum,38
"FTR33__fft_coefficient__coeff_18__attr_""abs""",38
FTR30_mean_x,38
FTR0_skew_y,38
FTR50_skew_y,38
month_12,38
FTR33__ratio_beyond_r_sigma__r_2.5,37
FTR10_skew,37
month_6,37
"FTR33__cwt_coefficients__widths_(2, 5, 10, 20)__coeff_9__w_5",37
FTR9_max_x,37
FTR48_max_y,37
FTR5_std,37
FTR38_kurt2_x,37
"FTR33__change_quantiles__f_agg_""var""__isabs_True__qh_1.0__ql_0.2",37
FTR36_skew,37
FTR29_skew_x,37
FTR44_max,37
FTR5_mean_y,37
FTR10_mean_x,37
FTR47_sum,37
FTR16_mean_y,37
FTR10_kurt2_y,37
"FTR33__fft_coefficient__coeff_14__attr_""real""",36
FTR8_mean,36
FTR8_mean_x,36
FTR17_sum,36
"FTR33__cwt_coefficients__widths_(2, 5, 10, 20)__coeff_9__w_10",36
FTR21_kurt,36
"FTR33__cwt_coefficients__widths_(2, 5, 10, 20)__coeff_0__w_10",36
weekday_3,36
FTR30_min,36
FTR33_kurt2_x,36
FTR18_min_y,36
"FTR33__cwt_coefficients__widths_(2, 5, 10, 20)__coeff_3__w_20",36
FTR18_min,36
FTR23_min_x,36
FTR5_mean,36
"FTR33__fft_coefficient__coeff_19__attr_""angle""",36
FTR2_mean_y,35
FTR50_mean_x,35
"FTR33__linear_trend__attr_""intercept""",35
FTR0_max,35
FTR21_mean_x,35
FTR10_skew_x,35
FTR0_max_x,35
month_9,35
FTR33__index_mass_quantile__q_0.3,35
FTR50_max_x,35
FTR8_mean_y,35
FTR36_skew_y,35
FTR42_max_x,34
FTR38_mean,34
FTR12_mean,34
"FTR33__cwt_coefficients__widths_(2, 5, 10, 20)__coeff_1__w_5",34
FTR33__count_below_mean,34
FTR36_std_x,34
FTR23_min,34
FTR36_max_x,34
"FTR33__cwt_coefficients__widths_(2, 5, 10, 20)__coeff_8__w_5",34
"FTR33__change_quantiles__f_agg_""var""__isabs_False__qh_0.8__ql_0.0",34
FTR32_mean,34
FTR5_std_y,34
FTR16_std,33
FTR41_max,33
FTR29_std_x,33
FTR14_max_x,33
FTR8_max_y,33
FTR33__percentage_of_reoccurring_datapoints_to_all_datapoints,33
"FTR33__fft_coefficient__coeff_11__attr_""angle""",33
"FTR33__cwt_coefficients__widths_(2, 5, 10, 20)__coeff_12__w_10",33
FTR2_kurt,33
"FTR33__fft_coefficient__coeff_14__attr_""angle""",33
FTR34_std,33
FTR44_std_x,33
"FTR33__cwt_coefficients__widths_(2, 5, 10, 20)__coeff_11__w_20",33
FTR8_skew,33
"FTR33__agg_linear_trend__f_agg_""mean""__chunk_len_10__attr_""rvalue""",33
"FTR33__fft_coefficient__coeff_15__attr_""real""",33
FTR28_kurt,33
"FTR33__cwt_coefficients__widths_(2, 5, 10, 20)__coeff_4__w_10",33
FTR33__time_reversal_asymmetry_statistic__lag_3,33
"FTR33__fft_coefficient__coeff_17__attr_""real""",33
FTR32_min_y,33
FTR17_min_x,33
FTR23_kurt,33
FTR2_std_x,33
FTR21_kurt2_x,32
FTR0_max_y,32
FTR38_kurt2_y,32
FTR8_std,32
FTR34_mean,32
"FTR33__agg_linear_trend__f_agg_""var""__chunk_len_10__attr_""stderr""",32
"FTR33__agg_linear_trend__f_agg_""max""__chunk_len_10__attr_""intercept""",32
"FTR33__agg_linear_trend__f_agg_""mean""__chunk_len_5__attr_""rvalue""",32
FTR41_kurt2_y,32
FTR44_max_x,32
FTR23_max_y,32
FTR29_max_x,32
"FTR33__fft_coefficient__coeff_16__attr_""real""",32
FTR38_max,32
"FTR33__fft_coefficient__coeff_8__attr_""abs""",32
FTR30_std_y,32
"FTR33__fft_coefficient__coeff_11__attr_""abs""",31
FTR35_min_y,31
weekday_4,31
FTR8_std_x,31
FTR33__index_mass_quantile__q_0.6,31
FTR33__index_mass_quantile__q_0.8,31
FTR50_kurt,31
FTR32_min,31
"FTR33__fft_coefficient__coeff_16__attr_""angle""",31
FTR33_kurt2_y,31
FTR30_mean_y,31
"FTR33__change_quantiles__f_agg_""mean""__isabs_True__qh_0.4__ql_0.2",31
"FTR33__fft_coefficient__coeff_14__attr_""imag""",31
FTR41_min_x,31
FTR41_skew_x,31
FTR43_mean,31
"FTR33__fft_coefficient__coeff_13__attr_""imag""",31
"FTR33__change_quantiles__f_agg_""mean""__isabs_True__qh_0.8__ql_0.0",31
"FTR33__cwt_coefficients__widths_(2, 5, 10, 20)__coeff_2__w_20",31
FTR47_std_x,31
FTR47_std_y,31
FTR32_max_x,31
FTR36_std_y,30
FTR10_kurt,30
"FTR33__cwt_coefficients__widths_(2, 5, 10, 20)__coeff_6__w_20",30
FTR21_mean_y,30
FTR16_mean,30
FTR33_mean_x,30
"FTR33__cwt_coefficients__widths_(2, 5, 10, 20)__coeff_11__w_10",30
FTR33__quantile__q_0.2,30
FTR21_sum,30
FTR14_kurt2_y,30
"FTR33__linear_trend__attr_""rvalue""",30
FTR44_max_y,30
FTR16_sum,30
FTR33__percentage_of_reoccurring_values_to_all_values,30
FTR32_mean_y,30
weekday_5,30
FTR48_min_x,29
day_max,29
FTR29_kurt2_y,29
FTR18_min_x,29
"FTR33__fft_coefficient__coeff_19__attr_""imag""",29
FTR29_skew,29
"FTR33__change_quantiles__f_agg_""mean""__isabs_True__qh_1.0__ql_0.2",29
FTR33_kurt,29
FTR30_min_y,29
"FTR33__agg_linear_trend__f_agg_""mean""__chunk_len_50__attr_""slope""",29
FTR8_max_x,29
FTR29_mean_x,29
FTR47_max_y,29
"FTR33__change_quantiles__f_agg_""mean""__isabs_True__qh_0.6__ql_0.4",29
"FTR33__cwt_coefficients__widths_(2, 5, 10, 20)__coeff_6__w_5",29
FTR23_mean,29
"FTR33__change_quantiles__f_agg_""var""__isabs_False__qh_0.4__ql_0.2",28
"FTR33__change_quantiles__f_agg_""var""__isabs_False__qh_0.8__ql_0.2",28
"FTR33__agg_linear_trend__f_agg_""var""__chunk_len_10__attr_""slope""",28
FTR32_sum,28
FTR5_max_x,28
"FTR33__fft_coefficient__coeff_22__attr_""real""",28
"FTR33__cwt_coefficients__widths_(2, 5, 10, 20)__coeff_7__w_5",28
FTR33_std_x,28
"FTR33__cwt_coefficients__widths_(2, 5, 10, 20)__coeff_9__w_20",28
FTR47_mean_y,28
FTR42_min,28
"FTR33__cwt_coefficients__widths_(2, 5, 10, 20)__coeff_3__w_5",28
FTR17_max,28
FTR36_skew_x,28
"FTR33__fft_coefficient__coeff_15__attr_""angle""",28
FTR51_len_max,28
FTR14_kurt2_x,27
"FTR33__fft_coefficient__coeff_25__attr_""angle""",27
"FTR33__agg_linear_trend__f_agg_""min""__chunk_len_10__attr_""stderr""",27
FTR14_std_y,27
week_max,27
FTR10_mean_y,27
FTR5_max_y,27
FTR48_min_y,27
weekday_2,27
FTR14_max_y,27
"FTR33__change_quantiles__f_agg_""var""__isabs_True__qh_0.6__ql_0.4",27
"FTR33__fft_coefficient__coeff_12__attr_""abs""",27
FTR10_std_x,27
FTR42_min_y,27
FTR30_max_y,26
"FTR33__fft_coefficient__coeff_14__attr_""abs""",26
FTR47_kurt2_x,26
FTR36_mean_y,26
FTR28_std_y,26
FTR16_std_y,26
FTR28_mean_x,26
FTR41_std_y,26
"FTR33__cwt_coefficients__widths_(2, 5, 10, 20)__coeff_5__w_5",26
"FTR33__fft_coefficient__coeff_18__attr_""angle""",26
FTR36_mean_x,26
FTR34_min_y,26
"FTR33__fft_coefficient__coeff_16__attr_""imag""",26
FTR38_std_y,26
FTR0_sum,26
"FTR33__fft_coefficient__coeff_35__attr_""angle""",26
FTR2_mean_x,25
FTR18_max,25
FTR38_std_x,25
FTR32_max,25
FTR16_min,25
FTR41_mean_y,25
"FTR33__change_quantiles__f_agg_""var""__isabs_True__qh_1.0__ql_0.0",25
FTR47_max_x,25
FTR12_mean_y,25
FTR43_std_y,25
"FTR33__agg_linear_trend__f_agg_""mean""__chunk_len_5__attr_""slope""",25
FTR29_skew_y,25
FTR38_kurt,25
FTR8_kurt,25
FTR17_min,25
FTR28_max_y,25
"FTR33__augmented_dickey_fuller__attr_""usedlag""",25
FTR28_mean,25
FTR28_mean_y,25
"FTR33__cwt_coefficients__widths_(2, 5, 10, 20)__coeff_4__w_5",25
FTR33_max_x,25
FTR44_sum,25
month_7,25
"FTR33__fft_coefficient__coeff_21__attr_""real""",24
FTR35_min,24
FTR12_skew_x,24
FTR10_mean,24
FTR33__mean_change,24
"FTR33__cwt_coefficients__widths_(2, 5, 10, 20)__coeff_4__w_20",24
FTR33__ratio_beyond_r_sigma__r_3,24
"FTR33__cwt_coefficients__widths_(2, 5, 10, 20)__coeff_13__w_20",24
PERSONID_count,24
"FTR33__fft_coefficient__coeff_13__attr_""abs""",24
"FTR33__cwt_coefficients__widths_(2, 5, 10, 20)__coeff_13__w_10",24
FTR42_mean,24
"FTR33__cwt_coefficients__widths_(2, 5, 10, 20)__coeff_2__w_10",24
FTR28_skew_x,24
FTR18_mean,24
"FTR33__fft_coefficient__coeff_17__attr_""imag""",24
FTR50_skew_x,24
"FTR33__augmented_dickey_fuller__attr_""teststat""",24
"FTR33__linear_trend__attr_""slope""",24
FTR41_std_x,24
FTR18_max_y,24
FTR23_max,24
FTR36_max_y,24
"FTR33__fft_coefficient__coeff_23__attr_""real""",23
"FTR33__fft_coefficient__coeff_17__attr_""angle""",23
FTR34_min_x,23
FTR48_sum,23
"FTR33__fft_coefficient__coeff_19__attr_""real""",23
FTR21_max_x,23
FTR38_skew,23
FTR33_skew_x,23
"FTR33__fft_coefficient__coeff_15__attr_""imag""",23
FTR28_max,23
"FTR33__change_quantiles__f_agg_""var""__isabs_True__qh_1.0__ql_0.8",23
FTR38_max_x,23
FTR33__partial_autocorrelation__lag_1,23
FTR8_kurt2_x,23
"FTR33__fft_coefficient__coeff_25__attr_""imag""",23
FTR47_std,23
FTR47_mean,23
FTR12_kurt,23
FTR0_min,22
"FTR33__cwt_coefficients__widths_(2, 5, 10, 20)__coeff_5__w_10",22
"FTR33__agg_linear_trend__f_agg_""max""__chunk_len_50__attr_""slope""",22
FTR14_std,22
FTR12_max_x,22
FTR14_skew,22
FTR33__c3__lag_1,22
FTR14_kurt,22
month_8,22
FTR21_std_x,22
FTR36_kurt,22
FTR32_max_y,22
FTR21_skew,22
FTR35_sum,22
"FTR33__cwt_coefficients__widths_(2, 5, 10, 20)__coeff_10__w_20",22
FTR42_max_y,21
"FTR33__change_quantiles__f_agg_""var""__isabs_False__qh_1.0__ql_0.8",21
A0B0C6E0D0_count,21
FTR18_sum,21
FTR12_std_y,21
"FTR33__agg_linear_trend__f_agg_""var""__chunk_len_5__attr_""intercept""",21
FTR47_min,21
"FTR33__change_quantiles__f_agg_""mean""__isabs_True__qh_1.0__ql_0.0",21
"FTR33__fft_coefficient__coeff_20__attr_""imag""",21
FTR50_std_x,21
FTR33__number_cwt_peaks__n_1,21
FTR29_mean,21
FTR38_std,21
FTR14_skew_x,21
FTR29_max,21
FTR21_skew_x,21
FTR10_max,21
"FTR33__cwt_coefficients__widths_(2, 5, 10, 20)__coeff_2__w_5",21
"FTR33__change_quantiles__f_agg_""var""__isabs_True__qh_0.4__ql_0.2",21
FTR33_std_y,20
FTR38_skew_y,20
FTR2_mean,20
FTR28_std_x,20
FTR2_kurt2_y,20
"FTR33__agg_linear_trend__f_agg_""var""__chunk_len_50__attr_""slope""",20
FTR29_kurt,20
month_1,20
"FTR33__cwt_coefficients__widths_(2, 5, 10, 20)__coeff_14__w_20",20
"FTR33__fft_coefficient__coeff_21__attr_""angle""",20
"FTR33__fft_coefficient__coeff_25__attr_""real""",20
FTR41_mean_x,20
FTR33__friedrich_coefficients__m_3__r_30__coeff_1,20
FTR33__sum_values,20
FTR14_std_x,19
"FTR33__cwt_coefficients__widths_(2, 5, 10, 20)__coeff_1__w_10",19
"FTR33__fft_coefficient__coeff_15__attr_""abs""",19
FTR29_max_y,19
"FTR33__change_quantiles__f_agg_""var""__isabs_False__qh_1.0__ql_0.0",19
FTR21_kurt2_y,19
FTR30_std_x,19
FTR10_std,19
FTR43_min_y,19
FTR33__max_langevin_fixed_point__m_3__r_30,19
"FTR33__agg_linear_trend__f_agg_""min""__chunk_len_50__attr_""slope""",19
FTR27_skew_x,19
FTR10_max_y,19
"FTR33__change_quantiles__f_agg_""var""__isabs_False__qh_0.8__ql_0.6",19
FTR17_min_y,19
"FTR33__cwt_coefficients__widths_(2, 5, 10, 20)__coeff_3__w_10",18
FTR48_min,18
"FTR33__fft_coefficient__coeff_16__attr_""abs""",18
"FTR33__fft_coefficient__coeff_18__attr_""real""",18
FTR47_kurt,18
FTR42_min_x,18
"FTR33__fft_coefficient__coeff_20__attr_""angle""",18
FTR33_mean_y,18
FTR33__cid_ce__normalize_False,18
"FTR33__fft_coefficient__coeff_24__attr_""abs""",18
month_4,18
FTR10_skew_y,18
"FTR33__fft_coefficient__coeff_27__attr_""imag""",18
FTR16_max_y,18
"FTR33__agg_linear_trend__f_agg_""var""__chunk_len_10__attr_""intercept""",18
FTR8_skew_y,18
FTR14_skew_y,18
FTR33__cid_ce__normalize_True,18
"FTR33__fft_coefficient__coeff_24__attr_""real""",18
"FTR33__agg_linear_trend__f_agg_""mean""__chunk_len_10__attr_""intercept""",18
FTR33__kurtosis,17
FTR12_std,17
FTR16_max_x,17
FTR50_max,17
"FTR33__change_quantiles__f_agg_""var""__isabs_False__qh_0.6__ql_0.4",17
"FTR33__fft_coefficient__coeff_23__attr_""angle""",17
FTR28_max_x,17
FTR47_min_y,17
"FTR33__agg_linear_trend__f_agg_""mean""__chunk_len_5__attr_""intercept""",17
FTR12_skew,17
FTR12_kurt2_x,17
"FTR33__fft_coefficient__coeff_27__attr_""abs""",17
FTR44_min_y,17
FTR21_mean,17
FTR44_min,17
"FTR33__fft_coefficient__coeff_17__attr_""abs""",17
FTR12_max,16
"FTR33__fft_aggregated__aggtype_""variance""",16
FTR23_sum,16
FTR33__friedrich_coefficients__m_3__r_30__coeff_0,16
FTR21_max,16
"FTR33__cwt_coefficients__widths_(2, 5, 10, 20)__coeff_10__w_10",16
FTR36_min_x,16
"FTR33__fft_coefficient__coeff_19__attr_""abs""",16
FTR8_skew_x,16
"FTR33__fft_coefficient__coeff_22__attr_""angle""",16
"FTR33__fft_coefficient__coeff_24__attr_""imag""",16
FTR12_skew_y,16
FTR50_mean,16
"FTR33__fft_coefficient__coeff_30__attr_""angle""",16
"FTR33__fft_coefficient__coeff_28__attr_""imag""",16
FTR21_std_y,16
FTR21_skew_y,16
FTR2_max_y,15
FTR33__skewness,15
FTR12_max_y,15
"FTR33__fft_coefficient__coeff_30__attr_""real""",15
FTR33__maximum,15
"FTR33__fft_coefficient__coeff_23__attr_""imag""",15
FTR33__standard_deviation,15
FTR50_max_y,15
"FTR33__agg_linear_trend__f_agg_""mean""__chunk_len_50__attr_""intercept""",15
"FTR33__fft_coefficient__coeff_29__attr_""real""",15
FTR33_min_x,15
"FTR33__cwt_coefficients__widths_(2, 5, 10, 20)__coeff_5__w_20",15
FTR33__minimum,14
"FTR33__fft_coefficient__coeff_26__attr_""abs""",14
"FTR33__agg_linear_trend__f_agg_""var""__chunk_len_50__attr_""intercept""",14
FTR7_kurt2_y,14
FTR28_min_x,14
"FTR33__change_quantiles__f_agg_""var""__isabs_True__qh_0.8__ql_0.6",14
FTR50_mean_y,14
"A0B0C0E0D0,A0B0C2E1D1_count",14
FTR16_min_y,14
"FTR33__fft_coefficient__coeff_21__attr_""imag""",14
"FTR33__fft_coefficient__coeff_22__attr_""abs""",14
FTR41_max_x,14
"FTR33__fft_coefficient__coeff_31__attr_""imag""",13
FTR21_std,13
"FTR33__fft_coefficient__coeff_21__attr_""abs""",13
FTR2_skew,13
FTR2_std_y,13
"FTR33__fft_coefficient__coeff_29__attr_""angle""",13
"FTR33__fft_coefficient__coeff_22__attr_""imag""",13
"FTR33__fft_coefficient__coeff_23__attr_""abs""",13
"FTR33__fft_coefficient__coeff_26__attr_""angle""",13
FTR47_skew,12
FTR2_kurt2_x,12
A0B0C14E0D0_count,12
"A0B0C0E0D0,A0B0C10E5D3_count",12
FTR47_kurt2_y,12
FTR33__friedrich_coefficients__m_3__r_30__coeff_2,12
FTR21_max_y,12
"FTR33__fft_coefficient__coeff_26__attr_""imag""",12
"FTR33__cwt_coefficients__widths_(2, 5, 10, 20)__coeff_14__w_10",12
"FTR33__fft_coefficient__coeff_26__attr_""real""",12
FTR2_std,11
"FTR33__agg_linear_trend__f_agg_""min""__chunk_len_50__attr_""intercept""",11
FTR34_max,11
"FTR33__fft_coefficient__coeff_29__attr_""abs""",11
FTR33__length,11
"A7B25C10E5D3,A7B25C0E0D0_count",11
FTR33__number_peaks__n_1,11
"FTR33__fft_coefficient__coeff_28__attr_""real""",10
FTR2_skew_x,10
"FTR33__fft_coefficient__coeff_33__attr_""imag""",10
"FTR33__fft_coefficient__coeff_28__attr_""abs""",10
month_3,10
FTR35_min_x,10
FTR50_std_y,10
FTR2_max,10
"FTR33__fft_coefficient__coeff_31__attr_""abs""",10
FTR27_kurt,10
FTR20_kurt,10
"FTR33__fft_coefficient__coeff_20__attr_""abs""",10
FTR7_skew_y,10
FTR33__longest_strike_above_mean,9
"FTR33__fft_coefficient__coeff_27__attr_""real""",9
FTR50_std,9
"FTR33__fft_coefficient__coeff_28__attr_""angle""",9
"FTR33__fft_coefficient__coeff_32__attr_""abs""",9
week_min,9
"FTR33__fft_coefficient__coeff_29__attr_""imag""",9
month_5,9
FTR33__friedrich_coefficients__m_3__r_30__coeff_3,9
"A0B0C10E5D3,A0B0C0E0D0_count",9
FTR10_max_x,9
FTR45_kurt,8
"FTR33__fft_coefficient__coeff_25__attr_""abs""",8
FTR2_skew_y,7
FTR40_skew,7
FTR7_kurt2_x,7
FTR39_kurt2_x,7
"FTR33__fft_coefficient__coeff_27__attr_""angle""",7
FTR27_max,7
FTR39_skew_y,7
FTR27_std,7
A0B0C1E0D0_count,7
"FTR33__fft_coefficient__coeff_32__attr_""angle""",7
FTR33__number_peaks__n_3,7
FTR27_kurt2_y,7
FTR27_sum,6
FTR31_skew_y,6
FTR45_kurt2_x,6
"FTR33__fft_coefficient__coeff_37__attr_""real""",6
FTR47_skew_y,6
FTR33__variance,6
"FTR33__fft_coefficient__coeff_30__attr_""abs""",6
FTR47_skew_x,6
"FTR33__fft_coefficient__coeff_32__attr_""imag""",6
A0B0C11E0D0_count,6
FTR7_kurt,6
"FTR33__fft_coefficient__coeff_34__attr_""angle""",6
"FTR33__fft_coefficient__coeff_32__attr_""real""",5
FTR20_max,5
FTR40_kurt,5
"FTR33__fft_coefficient__coeff_34__attr_""real""",5
"FTR33__fft_coefficient__coeff_35__attr_""real""",5
"A0B0C2E4D1,A0B0C0E0D0_count",5
A0B0C9E0D0_count,5
FTR40_max_x,5
FTR27_skew_y,5
"FTR33__fft_coefficient__coeff_24__attr_""angle""",5
"FTR33__fft_coefficient__coeff_33__attr_""real""",5
FTR45_mean_x,5
FTR27_mean_x,5
FTR33__mean_abs_change,5
"FTR33__fft_coefficient__coeff_38__attr_""abs""",5
FTR39_skew,5
FTR45_skew,5
"FTR33__fft_coefficient__coeff_44__attr_""abs""",5
"FTR33__fft_coefficient__coeff_38__attr_""imag""",4
FTR7_skew,4
"FTR33__fft_coefficient__coeff_31__attr_""angle""",4
"FTR33__agg_linear_trend__f_agg_""var""__chunk_len_50__attr_""rvalue""",4
FTR39_max,4
FTR45_std,4
"FTR33__fft_coefficient__coeff_39__attr_""imag""",4
FTR39_kurt2_y,4
FTR31_kurt,4
FTR45_mean,4
"A0B0C0E0D0,A0B0C2E4D1_count",4
FTR45_kurt2_y,4
FTR45_mean_y,4
FTR27_skew,4
FTR38_min,4
FTR33__mean,4
"FTR33__fft_coefficient__coeff_33__attr_""abs""",4
"FTR33__agg_linear_trend__f_agg_""mean""__chunk_len_50__attr_""rvalue""",4
FTR33__large_standard_deviation__r_0.2,4
"FTR33__fft_coefficient__coeff_34__attr_""abs""",4
FTR33__has_duplicate_min,4
FTR33__number_peaks__n_5,4
FTR40_max,4
FTR20_skew,3
FTR4_std_y,3
FTR39_skew_x,3
FTR33__symmetry_looking__r_0.1,3
FTR27_max_x,3
FTR7_mean_x,3
FTR46_mean_y,3
FTR33__number_cwt_peaks__n_5,3
FTR33__range_count__max_1__min_-1,3
FTR46_std,3
FTR45_std_x,3
FTR20_max_y,3
FTR45_skew_y,3
"FTR33__fft_coefficient__coeff_38__attr_""angle""",3
FTR27_kurt2_x,3
FTR33__has_duplicate_max,3
FTR45_sum,3
FTR45_max_y,3
"FTR33__fft_coefficient__coeff_38__attr_""real""",3
FTR15_mean_x,3
FTR27_mean_y,3
FTR2_max_x,3
FTR7_min_y,3
FTR7_skew_x,3
"FTR33__fft_coefficient__coeff_35__attr_""abs""",2
FTR37_std,2
FTR20_skew_y,2
"FTR33__fft_coefficient__coeff_41__attr_""abs""",2
"FTR33__fft_coefficient__coeff_42__attr_""abs""",2
"FTR33__fft_coefficient__coeff_30__attr_""imag""",2
"FTR33__fft_coefficient__coeff_31__attr_""real""",2
FTR7_max_x,2
"FTR33__fft_coefficient__coeff_35__attr_""imag""",2
"FTR33__fft_coefficient__coeff_34__attr_""imag""",2
FTR7_sum,2
FTR31_kurt2_x,2
"FTR33__fft_coefficient__coeff_37__attr_""imag""",2
FTR7_std,2
"FTR33__fft_coefficient__coeff_43__attr_""imag""",2
FTR27_max_y,2
FTR15_skew_x,2
FTR39_min_y,2
FTR37_std_x,2
FTR27_mean,2
FTR39_min,2
FTR37_max,2
FTR45_skew_x,2
FTR37_skew_x,2
"FTR33__fft_coefficient__coeff_39__attr_""angle""",2
FTR7_std_y,2
FTR37_kurt2_y,2
FTR38_min_x,2
FTR27_std_x,2
"FTR33__fft_coefficient__coeff_36__attr_""imag""",2
"FTR33__fft_coefficient__coeff_43__attr_""abs""",2
FTR39_kurt,2
FTR46_mean_x,2
FTR40_max_y,2
FTR34_max_y,2
FTR37_sum,2
"FTR33__fft_coefficient__coeff_37__attr_""angle""",2
FTR7_max_y,2
FTR33__symmetry_looking__r_0.15000000000000002,2
FTR46_std_x,2
FTR33__symmetry_looking__r_0.05,2
FTR47_min_x,2
"FTR33__fft_coefficient__coeff_36__attr_""real""",2
FTR4_min_x,2
FTR37_kurt,1
FTR46_min_x,1
FTR51_len_min,1
FTR7_max,1
FTR45_max_x,1
FTR45_max,1
"FTR33__fft_coefficient__coeff_37__attr_""abs""",1
FTR15_max_y,1
FTR33__large_standard_deviation__r_0.15000000000000002,1
FTR33__large_standard_deviation__r_0.35000000000000003,1
FTR46_min,1
FTR31_sum,1
"FTR33__fft_coefficient__coeff_39__attr_""real""",1
"FTR33__fft_coefficient__coeff_40__attr_""abs""",1
FTR39_sum,1
"FTR33__fft_coefficient__coeff_41__attr_""angle""",1
FTR48_max_x,1
"FTR33__fft_coefficient__coeff_36__attr_""angle""",1
FTR25_kurt2_y,1
"FTR33__fft_coefficient__coeff_42__attr_""angle""",1
FTR46_skew,1
FTR31_skew,1
FTR15_skew_y,1
"FTR33__fft_coefficient__coeff_44__attr_""imag""",1
"FTR33__fft_coefficient__coeff_45__attr_""real""",1
FTR31_skew_x,1
"A0B0C41E5D3,A0B0C0E0D0_count",1
FTR31_kurt2_y,1
"FTR33__fft_coefficient__coeff_47__attr_""abs""",1
FTR15_kurt2_x,1
FTR46_kurt,1
FTR39_max_y,1
"FTR33__fft_coefficient__coeff_39__attr_""abs""",1
"FTR33__fft_coefficient__coeff_36__attr_""abs""",1
FTR50_min_y,1
FTR4_max_y,1
FTR4_max,1
FTR4_mean_x,1
FTR4_std_x,1
FTR4_mean_y,1
FTR4_std,1
FTR31_mean_x,1
FTR29_min_y,1
FTR4_sum,1
FTR5_min,1
FTR39_mean_x,1
FTR31_mean,1
FTR39_std_x,1
FTR7_min,1
FTR20_max_x,1
FTR45_std_y,1
FTR39_mean,1
FTR39_mean_y,1
"FTR33__fft_coefficient__coeff_33__attr_""angle""",1
FTR15_mean_y,1
FTR15_mean,1
FTR39_std_y,1
FTR31_std_y,1
FTR15_std,1
FTR31_std,1
FTR7_mean_y,1
"FTR33__fft_coefficient__coeff_49__attr_""real""",0
"FTR33__fft_coefficient__coeff_52__attr_""imag""",0
"FTR33__fft_coefficient__coeff_49__attr_""imag""",0
"FTR33__fft_coefficient__coeff_50__attr_""abs""",0
"FTR33__fft_coefficient__coeff_49__attr_""angle""",0
"FTR33__fft_coefficient__coeff_49__attr_""abs""",0
"FTR33__fft_coefficient__coeff_53__attr_""real""",0
"FTR33__fft_coefficient__coeff_50__attr_""real""",0
"FTR33__fft_coefficient__coeff_50__attr_""angle""",0
"FTR33__fft_coefficient__coeff_50__attr_""imag""",0
"FTR33__fft_coefficient__coeff_52__attr_""real""",0
"FTR33__fft_coefficient__coeff_53__attr_""imag""",0
"FTR33__fft_coefficient__coeff_51__attr_""abs""",0
"FTR33__fft_coefficient__coeff_51__attr_""angle""",0
"FTR33__fft_coefficient__coeff_51__attr_""imag""",0
"FTR33__fft_coefficient__coeff_51__attr_""real""",0
"FTR33__fft_coefficient__coeff_53__attr_""angle""",0
"FTR33__fft_coefficient__coeff_52__attr_""angle""",0
"FTR33__fft_coefficient__coeff_53__attr_""abs""",0
"FTR33__fft_coefficient__coeff_52__attr_""abs""",0
"FTR33__fft_coefficient__coeff_88__attr_""imag""",0
"FTR33__fft_coefficient__coeff_54__attr_""abs""",0
"FTR33__fft_coefficient__coeff_94__attr_""abs""",0
"FTR33__fft_coefficient__coeff_91__attr_""abs""",0
"FTR33__fft_coefficient__coeff_91__attr_""angle""",0
"FTR33__fft_coefficient__coeff_91__attr_""imag""",0
"FTR33__fft_coefficient__coeff_91__attr_""real""",0
"FTR33__fft_coefficient__coeff_92__attr_""abs""",0
"FTR33__fft_coefficient__coeff_92__attr_""angle""",0
"FTR33__fft_coefficient__coeff_92__attr_""imag""",0
"FTR33__fft_coefficient__coeff_92__attr_""real""",0
"FTR33__fft_coefficient__coeff_93__attr_""abs""",0
"FTR33__fft_coefficient__coeff_93__attr_""angle""",0
"FTR33__fft_coefficient__coeff_93__attr_""imag""",0
"FTR33__fft_coefficient__coeff_93__attr_""real""",0
"FTR33__fft_coefficient__coeff_94__attr_""angle""",0
"FTR33__fft_coefficient__coeff_97__attr_""real""",0
"FTR33__fft_coefficient__coeff_94__attr_""imag""",0
"FTR33__fft_coefficient__coeff_94__attr_""real""",0
"FTR33__fft_coefficient__coeff_95__attr_""abs""",0
"FTR33__fft_coefficient__coeff_95__attr_""angle""",0
"FTR33__fft_coefficient__coeff_95__attr_""imag""",0
"FTR33__fft_coefficient__coeff_95__attr_""real""",0
"FTR33__fft_coefficient__coeff_96__attr_""abs""",0
"FTR33__fft_coefficient__coeff_96__attr_""angle""",0
"FTR33__fft_coefficient__coeff_96__attr_""imag""",0
"FTR33__fft_coefficient__coeff_96__attr_""real""",0
"FTR33__fft_coefficient__coeff_97__attr_""abs""",0
"FTR33__fft_coefficient__coeff_97__attr_""angle""",0
"FTR33__fft_coefficient__coeff_90__attr_""real""",0
"FTR33__fft_coefficient__coeff_90__attr_""imag""",0
"FTR33__fft_coefficient__coeff_90__attr_""angle""",0
"FTR33__fft_coefficient__coeff_90__attr_""abs""",0
"FTR33__fft_coefficient__coeff_83__attr_""real""",0
"FTR33__fft_coefficient__coeff_84__attr_""abs""",0
"FTR33__fft_coefficient__coeff_84__attr_""angle""",0
"FTR33__fft_coefficient__coeff_84__attr_""imag""",0
"FTR33__fft_coefficient__coeff_84__attr_""real""",0
"FTR33__fft_coefficient__coeff_85__attr_""abs""",0
"FTR33__fft_coefficient__coeff_85__attr_""angle""",0
"FTR33__fft_coefficient__coeff_85__attr_""imag""",0
"FTR33__fft_coefficient__coeff_85__attr_""real""",0
"FTR33__fft_coefficient__coeff_86__attr_""abs""",0
"FTR33__fft_coefficient__coeff_86__attr_""angle""",0
"FTR33__fft_coefficient__coeff_86__attr_""imag""",0
"FTR33__fft_coefficient__coeff_86__attr_""real""",0
"FTR33__fft_coefficient__coeff_87__attr_""abs""",0
"FTR33__fft_coefficient__coeff_87__attr_""angle""",0
"FTR33__fft_coefficient__coeff_87__attr_""imag""",0
"FTR33__fft_coefficient__coeff_87__attr_""real""",0
"FTR33__fft_coefficient__coeff_88__attr_""abs""",0
"FTR33__fft_coefficient__coeff_88__attr_""angle""",0
"FTR33__fft_coefficient__coeff_88__attr_""real""",0
"FTR33__fft_coefficient__coeff_89__attr_""abs""",0
"FTR33__fft_coefficient__coeff_89__attr_""angle""",0
"FTR33__fft_coefficient__coeff_89__attr_""imag""",0
"FTR33__fft_coefficient__coeff_89__attr_""real""",0
"FTR33__fft_coefficient__coeff_48__attr_""imag""",0
"FTR33__fft_coefficient__coeff_97__attr_""imag""",0
"FTR33__fft_coefficient__coeff_98__attr_""abs""",0
"FTR33__fft_coefficient__coeff_54__attr_""angle""",0
FTR33__symmetry_looking__r_0.55,0
FTR33__ratio_beyond_r_sigma__r_10,0
FTR33__ratio_beyond_r_sigma__r_5,0
FTR33__ratio_beyond_r_sigma__r_6,0
FTR33__ratio_beyond_r_sigma__r_7,0
FTR33__symmetry_looking__r_0.0,0
FTR33__symmetry_looking__r_0.2,0
FTR33__symmetry_looking__r_0.25,0
FTR33__symmetry_looking__r_0.30000000000000004,0
FTR33__symmetry_looking__r_0.35000000000000003,0
FTR33__symmetry_looking__r_0.4,0
FTR33__symmetry_looking__r_0.45,0
FTR33__symmetry_looking__r_0.5,0
FTR33__symmetry_looking__r_0.6000000000000001,0
"FTR33__fft_coefficient__coeff_98__attr_""angle""",0
FTR33__symmetry_looking__r_0.65,0
FTR33__symmetry_looking__r_0.7000000000000001,0
FTR33__symmetry_looking__r_0.75,0
FTR33__symmetry_looking__r_0.8,0
FTR33__symmetry_looking__r_0.8500000000000001,0
FTR33__symmetry_looking__r_0.9,0
FTR33__symmetry_looking__r_0.9500000000000001,0
FTR33__value_count__value_-inf,0
FTR33__value_count__value_0,0
FTR33__value_count__value_1,0
FTR33__value_count__value_inf,0
FTR33__value_count__value_nan,0
FTR33__partial_autocorrelation__lag_0,0
FTR33__number_peaks__n_50,0
FTR33__number_peaks__n_10,0
FTR33__number_crossing_m__m_1,0
"FTR33__fft_coefficient__coeff_98__attr_""imag""",0
"FTR33__fft_coefficient__coeff_98__attr_""real""",0
"FTR33__fft_coefficient__coeff_99__attr_""abs""",0
"FTR33__fft_coefficient__coeff_99__attr_""angle""",0
"FTR33__fft_coefficient__coeff_99__attr_""imag""",0
"FTR33__fft_coefficient__coeff_99__attr_""real""",0
FTR33__has_duplicate,0
FTR33__large_standard_deviation__r_0.05,0
FTR33__large_standard_deviation__r_0.1,0
FTR33__large_standard_deviation__r_0.25,0
FTR33__large_standard_deviation__r_0.30000000000000004,0
FTR33__large_standard_deviation__r_0.4,0
FTR33__large_standard_deviation__r_0.45,0
FTR33__large_standard_deviation__r_0.5,0
FTR33__large_standard_deviation__r_0.55,0
FTR33__large_standard_deviation__r_0.6000000000000001,0
FTR33__large_standard_deviation__r_0.65,0
FTR33__large_standard_deviation__r_0.7000000000000001,0
FTR33__large_standard_deviation__r_0.75,0
FTR33__large_standard_deviation__r_0.8,0
FTR33__large_standard_deviation__r_0.8500000000000001,0
FTR33__large_standard_deviation__r_0.9,0
FTR33__large_standard_deviation__r_0.9500000000000001,0
FTR33__number_crossing_m__m_-1,0
FTR33__number_crossing_m__m_0,0
"FTR33__fft_coefficient__coeff_83__attr_""imag""",0
"FTR33__fft_coefficient__coeff_83__attr_""angle""",0
"FTR33__fft_coefficient__coeff_83__attr_""abs""",0
"FTR33__fft_coefficient__coeff_64__attr_""real""",0
"FTR33__fft_coefficient__coeff_61__attr_""real""",0
"FTR33__fft_coefficient__coeff_62__attr_""abs""",0
"FTR33__fft_coefficient__coeff_62__attr_""angle""",0
"FTR33__fft_coefficient__coeff_62__attr_""imag""",0
"FTR33__fft_coefficient__coeff_62__attr_""real""",0
"FTR33__fft_coefficient__coeff_63__attr_""abs""",0
"FTR33__fft_coefficient__coeff_63__attr_""angle""",0
"FTR33__fft_coefficient__coeff_63__attr_""imag""",0
"FTR33__fft_coefficient__coeff_63__attr_""real""",0
"FTR33__fft_coefficient__coeff_64__attr_""abs""",0
"FTR33__fft_coefficient__coeff_64__attr_""angle""",0
"FTR33__fft_coefficient__coeff_64__attr_""imag""",0
"FTR33__fft_coefficient__coeff_65__attr_""abs""",0
"FTR33__fft_coefficient__coeff_82__attr_""real""",0
"FTR33__fft_coefficient__coeff_65__attr_""angle""",0
"FTR33__fft_coefficient__coeff_65__attr_""imag""",0
"FTR33__fft_coefficient__coeff_65__attr_""real""",0
"FTR33__fft_coefficient__coeff_66__attr_""abs""",0
"FTR33__fft_coefficient__coeff_66__attr_""angle""",0
"FTR33__fft_coefficient__coeff_66__attr_""imag""",0
"FTR33__fft_coefficient__coeff_66__attr_""real""",0
"FTR33__fft_coefficient__coeff_67__attr_""abs""",0
"FTR33__fft_coefficient__coeff_67__attr_""angle""",0
"FTR33__fft_coefficient__coeff_67__attr_""imag""",0
"FTR33__fft_coefficient__coeff_67__attr_""real""",0
"FTR33__fft_coefficient__coeff_68__attr_""abs""",0
"FTR33__fft_coefficient__coeff_61__attr_""imag""",0
"FTR33__fft_coefficient__coeff_61__attr_""angle""",0
"FTR33__fft_coefficient__coeff_61__attr_""abs""",0
"FTR33__fft_coefficient__coeff_60__attr_""real""",0
"FTR33__fft_coefficient__coeff_54__attr_""imag""",0
"FTR33__fft_coefficient__coeff_54__attr_""real""",0
"FTR33__fft_coefficient__coeff_55__attr_""abs""",0
"FTR33__fft_coefficient__coeff_55__attr_""angle""",0
"FTR33__fft_coefficient__coeff_55__attr_""imag""",0
"FTR33__fft_coefficient__coeff_55__attr_""real""",0
"FTR33__fft_coefficient__coeff_56__attr_""abs""",0
"FTR33__fft_coefficient__coeff_56__attr_""angle""",0
"FTR33__fft_coefficient__coeff_56__attr_""imag""",0
"FTR33__fft_coefficient__coeff_56__attr_""real""",0
"FTR33__fft_coefficient__coeff_57__attr_""abs""",0
"FTR33__fft_coefficient__coeff_57__attr_""angle""",0
"FTR33__fft_coefficient__coeff_57__attr_""imag""",0
"FTR33__fft_coefficient__coeff_57__attr_""real""",0
"FTR33__fft_coefficient__coeff_58__attr_""abs""",0
"FTR33__fft_coefficient__coeff_58__attr_""angle""",0
"FTR33__fft_coefficient__coeff_58__attr_""imag""",0
"FTR33__fft_coefficient__coeff_58__attr_""real""",0
"FTR33__fft_coefficient__coeff_59__attr_""abs""",0
"FTR33__fft_coefficient__coeff_59__attr_""angle""",0
"FTR33__fft_coefficient__coeff_59__attr_""imag""",0
"FTR33__fft_coefficient__coeff_59__attr_""real""",0
"FTR33__fft_coefficient__coeff_60__attr_""abs""",0
"FTR33__fft_coefficient__coeff_60__attr_""angle""",0
"FTR33__fft_coefficient__coeff_60__attr_""imag""",0
"FTR33__fft_coefficient__coeff_68__attr_""angle""",0
"FTR33__fft_coefficient__coeff_68__attr_""imag""",0
"FTR33__fft_coefficient__coeff_68__attr_""real""",0
"FTR33__fft_coefficient__coeff_76__attr_""abs""",0
"FTR33__fft_coefficient__coeff_76__attr_""imag""",0
"FTR33__fft_coefficient__coeff_76__attr_""real""",0
"FTR33__fft_coefficient__coeff_77__attr_""abs""",0
"FTR33__fft_coefficient__coeff_77__attr_""angle""",0
"FTR33__fft_coefficient__coeff_77__attr_""imag""",0
"FTR33__fft_coefficient__coeff_77__attr_""real""",0
"FTR33__fft_coefficient__coeff_78__attr_""abs""",0
"FTR33__fft_coefficient__coeff_78__attr_""angle""",0
"FTR33__fft_coefficient__coeff_78__attr_""imag""",0
"FTR33__fft_coefficient__coeff_78__attr_""real""",0
"FTR33__fft_coefficient__coeff_79__attr_""abs""",0
"FTR33__fft_coefficient__coeff_79__attr_""angle""",0
"FTR33__fft_coefficient__coeff_79__attr_""imag""",0
"FTR33__fft_coefficient__coeff_79__attr_""real""",0
"FTR33__fft_coefficient__coeff_80__attr_""abs""",0
"FTR33__fft_coefficient__coeff_80__attr_""angle""",0
"FTR33__fft_coefficient__coeff_80__attr_""imag""",0
"FTR33__fft_coefficient__coeff_80__attr_""real""",0
"FTR33__fft_coefficient__coeff_81__attr_""abs""",0
"FTR33__fft_coefficient__coeff_81__attr_""angle""",0
"FTR33__fft_coefficient__coeff_81__attr_""imag""",0
"FTR33__fft_coefficient__coeff_81__attr_""real""",0
"FTR33__fft_coefficient__coeff_82__attr_""abs""",0
"FTR33__fft_coefficient__coeff_82__attr_""angle""",0
"FTR33__fft_coefficient__coeff_82__attr_""imag""",0
"FTR33__fft_coefficient__coeff_76__attr_""angle""",0
"FTR33__fft_coefficient__coeff_75__attr_""real""",0
"FTR33__fft_coefficient__coeff_69__attr_""abs""",0
"FTR33__fft_coefficient__coeff_75__attr_""imag""",0
"FTR33__fft_coefficient__coeff_69__attr_""angle""",0
"FTR33__fft_coefficient__coeff_69__attr_""imag""",0
"FTR33__fft_coefficient__coeff_69__attr_""real""",0
"FTR33__fft_coefficient__coeff_70__attr_""abs""",0
"FTR33__fft_coefficient__coeff_70__attr_""angle""",0
"FTR33__fft_coefficient__coeff_70__attr_""imag""",0
"FTR33__fft_coefficient__coeff_70__attr_""real""",0
"FTR33__fft_coefficient__coeff_71__attr_""abs""",0
"FTR33__fft_coefficient__coeff_71__attr_""angle""",0
"FTR33__fft_coefficient__coeff_71__attr_""imag""",0
"FTR33__fft_coefficient__coeff_71__attr_""real""",0
"FTR33__fft_coefficient__coeff_72__attr_""abs""",0
"FTR33__fft_coefficient__coeff_72__attr_""angle""",0
"FTR33__fft_coefficient__coeff_72__attr_""imag""",0
"FTR33__fft_coefficient__coeff_72__attr_""real""",0
"FTR33__fft_coefficient__coeff_73__attr_""abs""",0
"FTR33__fft_coefficient__coeff_73__attr_""angle""",0
"FTR33__fft_coefficient__coeff_73__attr_""imag""",0
"FTR33__fft_coefficient__coeff_73__attr_""real""",0
"FTR33__fft_coefficient__coeff_74__attr_""abs""",0
"FTR33__fft_coefficient__coeff_74__attr_""angle""",0
"FTR33__fft_coefficient__coeff_74__attr_""imag""",0
"FTR33__fft_coefficient__coeff_74__attr_""real""",0
"FTR33__fft_coefficient__coeff_75__attr_""abs""",0
"FTR33__fft_coefficient__coeff_75__attr_""angle""",0
"FTR33__fft_coefficient__coeff_48__attr_""real""",0
FTR8_min,0
"FTR33__fft_coefficient__coeff_48__attr_""angle""",0
FTR26_max_y,0
FTR31_max,0
FTR11_max_y,0
FTR11_max,0
FTR11_max_x,0
FTR31_max_y,0
FTR31_max_x,0
FTR15_max,0
FTR24_max,0
FTR24_max_x,0
FTR24_max_y,0
FTR15_max_x,0
FTR1_max,0
FTR3_max,0
FTR22_max,0
FTR1_max_y,0
FTR3_max_y,0
FTR37_max_y,0
FTR37_max_x,0
FTR1_max_x,0
FTR26_max_x,0
FTR24_sum,0
FTR25_max,0
FTR26_max,0
FTR6_sum,0
FTR13_skew_x,0
FTR13_skew_y,0
FTR19_skew,0
FTR13_skew,0
FTR22_skew_x,0
FTR34_max_x,0
FTR49_sum,0
FTR49_max,0
FTR3_sum,0
FTR1_sum,0
FTR26_sum,0
FTR49_max_y,0
FTR15_sum,0
FTR11_sum,0
FTR19_max_y,0
FTR19_sum,0
FTR19_max,0
FTR19_max_x,0
FTR3_max_x,0
FTR13_max,0
FTR19_std_x,0
FTR20_mean,0
FTR19_std_y,0
FTR27_std_y,0
FTR26_std_y,0
FTR15_std_y,0
FTR25_mean_y,0
FTR3_std,0
FTR1_std,0
FTR6_mean,0
FTR22_std,0
FTR25_std,0
FTR39_std,0
FTR13_std,0
FTR3_std_y,0
FTR20_std_y,0
FTR40_std_y,0
FTR1_std_y,0
FTR11_std,0
FTR6_std,0
FTR24_std,0
FTR40_mean,0
FTR20_std,0
FTR6_max,0
FTR40_std,0
FTR49_max_x,0
FTR25_max_y,0
FTR13_max_y,0
FTR22_max_y,0
FTR49_std,0
FTR25_max_x,0
FTR6_max_y,0
FTR39_max_x,0
FTR22_max_x,0
FTR6_max_x,0
FTR13_mean,0
FTR13_mean_y,0
FTR22_mean,0
FTR13_max_x,0
FTR7_mean,0
FTR25_mean,0
FTR19_std,0
FTR49_std_y,0
FTR26_std,0
FTR19_skew_y,0
FTR13_sum,0
FTR22_skew_y,0
FTR46_kurt2_y,0
FTR40_kurt2_y,0
FTR20_kurt2_y,0
FTR46_skew_x,0
FTR3_kurt2_y,0
FTR26_kurt2_y,0
FTR15_skew,0
FTR37_skew_y,0
FTR11_kurt2_y,0
FTR37_skew,0
FTR25_kurt,0
FTR4_kurt,0
FTR46_skew_y,0
FTR1_skew_x,0
FTR25_kurt2_x,0
FTR20_skew_x,0
FTR40_skew_x,0
FTR3_skew_x,0
FTR24_kurt2_y,0
FTR26_skew_x,0
FTR1_kurt2_y,0
FTR24_kurt2_x,0
FTR22_skew,0
FTR11_kurt2_x,0
FTR15_kurt,0
FTR1_kurt,0
FTR3_kurt,0
FTR24_kurt,0
FTR11_kurt,0
FTR37_kurt2_x,0
FTR26_kurt,0
FTR15_kurt2_y,0
"A0B0C0E0D0,A0B0C41E5D3_count",0
FTR49_kurt,0
"A0B0C6E0D0,A0B0C2E4D1_count",0
FTR46_kurt2_x,0
FTR49_kurt2_x,0
FTR1_kurt2_x,0
FTR20_kurt2_x,0
FTR40_kurt2_x,0
FTR3_kurt2_x,0
FTR26_kurt2_x,0
FTR49_kurt2_y,0
FTR6_kurt,0
FTR49_skew_x,0
FTR49_skew_y,0
FTR11_skew_x,0
FTR35_max_x,0
FTR19_kurt2_y,0
FTR22_kurt2_x,0
FTR4_skew_y,0
FTR6_skew_x,0
FTR4_kurt2_y,0
FTR22_kurt2_y,0
FTR4_skew,0
FTR13_kurt,0
FTR22_sum,0
FTR13_kurt2_y,0
FTR6_skew_y,0
FTR22_kurt,0
FTR6_skew,0
FTR19_skew_x,0
FTR20_sum,0
FTR40_sum,0
FTR13_kurt2_x,0
FTR25_sum,0
FTR24_skew,0
FTR6_kurt2_y,0
FTR19_kurt2_x,0
FTR3_skew,0
FTR40_skew_y,0
FTR1_skew_y,0
FTR24_skew_x,0
FTR49_skew,0
FTR3_skew_y,0
FTR26_skew_y,0
FTR19_kurt,0
FTR1_skew,0
FTR26_skew,0
FTR11_skew,0
FTR11_skew_y,0
FTR25_skew_x,0
FTR25_skew_y,0
FTR6_kurt2_x,0
FTR25_skew,0
FTR24_skew_y,0
FTR4_kurt2_x,0
FTR4_skew_x,0
FTR22_mean_y,0
FTR6_mean_y,0
"FTR33__fft_coefficient__coeff_48__attr_""abs""",0
"FTR33__agg_linear_trend__f_agg_""min""__chunk_len_50__attr_""rvalue""",0
"FTR33__agg_linear_trend__f_agg_""var""__chunk_len_50__attr_""stderr""",0
FTR33__autocorrelation__lag_0,0
"FTR33__change_quantiles__f_agg_""mean""__isabs_False__qh_0.2__ql_0.2",0
"FTR33__change_quantiles__f_agg_""mean""__isabs_False__qh_0.2__ql_0.4",0
"FTR33__change_quantiles__f_agg_""mean""__isabs_False__qh_0.2__ql_0.6",0
"FTR33__change_quantiles__f_agg_""mean""__isabs_False__qh_0.2__ql_0.8",0
"FTR33__change_quantiles__f_agg_""mean""__isabs_False__qh_0.4__ql_0.4",0
"FTR33__change_quantiles__f_agg_""mean""__isabs_False__qh_0.4__ql_0.6",0
"FTR33__change_quantiles__f_agg_""mean""__isabs_False__qh_0.4__ql_0.8",0
"FTR33__change_quantiles__f_agg_""mean""__isabs_False__qh_0.6__ql_0.6",0
"FTR33__change_quantiles__f_agg_""mean""__isabs_False__qh_0.6__ql_0.8",0
"FTR33__change_quantiles__f_agg_""mean""__isabs_False__qh_0.8__ql_0.8",0
"FTR33__change_quantiles__f_agg_""mean""__isabs_True__qh_0.2__ql_0.2",0
"FTR33__change_quantiles__f_agg_""mean""__isabs_True__qh_0.2__ql_0.4",0
"FTR33__change_quantiles__f_agg_""mean""__isabs_True__qh_0.2__ql_0.6",0
"FTR33__change_quantiles__f_agg_""mean""__isabs_True__qh_0.2__ql_0.8",0
"FTR33__change_quantiles__f_agg_""mean""__isabs_True__qh_0.4__ql_0.4",0
"FTR33__change_quantiles__f_agg_""mean""__isabs_True__qh_0.4__ql_0.6",0
"FTR33__change_quantiles__f_agg_""mean""__isabs_True__qh_0.4__ql_0.8",0
"FTR33__agg_linear_trend__f_agg_""min""__chunk_len_50__attr_""stderr""",0
"FTR33__agg_linear_trend__f_agg_""mean""__chunk_len_50__attr_""stderr""",0
"FTR33__change_quantiles__f_agg_""mean""__isabs_True__qh_0.6__ql_0.8",0
"FTR33__agg_linear_trend__f_agg_""max""__chunk_len_50__attr_""stderr""",0
FTR37_min_y,0
FTR31_min,0
FTR31_min_y,0
FTR11_mean_x,0
FTR24_mean_x,0
FTR46_std_y,0
FTR46_mean,0
FTR25_min_x,0
FTR46_min_y,0
FTR22_min_x,0
FTR2_min_x,0
FTR39_min_x,0
FTR7_min_x,0
FTR21_min_x,0
FTR4_max_x,0
FTR40_min_x,0
FTR20_min_x,0
FTR16_min_x,0
"FTR33__agg_linear_trend__f_agg_""max""__chunk_len_50__attr_""rvalue""",0
"FTR33__change_quantiles__f_agg_""mean""__isabs_True__qh_0.6__ql_0.6",0
"FTR33__change_quantiles__f_agg_""mean""__isabs_True__qh_0.8__ql_0.8",0
FTR37_std_y,0
"FTR33__fft_coefficient__coeff_40__attr_""angle""",0
"FTR33__fft_coefficient__coeff_40__attr_""real""",0
"FTR33__fft_coefficient__coeff_41__attr_""imag""",0
"FTR33__fft_coefficient__coeff_41__attr_""real""",0
"FTR33__fft_coefficient__coeff_42__attr_""imag""",0
"FTR33__fft_coefficient__coeff_42__attr_""real""",0
"FTR33__fft_coefficient__coeff_43__attr_""angle""",0
"FTR33__fft_coefficient__coeff_43__attr_""real""",0
"FTR33__fft_coefficient__coeff_44__attr_""angle""",0
"FTR33__fft_coefficient__coeff_44__attr_""real""",0
"FTR33__fft_coefficient__coeff_45__attr_""abs""",0
"FTR33__fft_coefficient__coeff_45__attr_""angle""",0
"FTR33__fft_coefficient__coeff_45__attr_""imag""",0
"FTR33__fft_coefficient__coeff_46__attr_""abs""",0
"FTR33__fft_coefficient__coeff_46__attr_""angle""",0
"FTR33__fft_coefficient__coeff_46__attr_""imag""",0
"FTR33__fft_coefficient__coeff_46__attr_""real""",0
"FTR33__fft_coefficient__coeff_47__attr_""angle""",0
"FTR33__fft_coefficient__coeff_47__attr_""imag""",0
"FTR33__fft_coefficient__coeff_47__attr_""real""",0
"FTR33__fft_coefficient__coeff_40__attr_""imag""",0
"FTR33__fft_coefficient__coeff_0__attr_""imag""",0
"FTR33__change_quantiles__f_agg_""var""__isabs_False__qh_0.2__ql_0.2",0
"FTR33__fft_coefficient__coeff_0__attr_""angle""",0
"FTR33__change_quantiles__f_agg_""var""__isabs_False__qh_0.2__ql_0.4",0
"FTR33__change_quantiles__f_agg_""var""__isabs_False__qh_0.2__ql_0.6",0
"FTR33__change_quantiles__f_agg_""var""__isabs_False__qh_0.2__ql_0.8",0
"FTR33__change_quantiles__f_agg_""var""__isabs_False__qh_0.4__ql_0.4",0
"FTR33__change_quantiles__f_agg_""var""__isabs_False__qh_0.4__ql_0.6",0
"FTR33__change_quantiles__f_agg_""var""__isabs_False__qh_0.4__ql_0.8",0
"FTR33__change_quantiles__f_agg_""var""__isabs_False__qh_0.6__ql_0.6",0
"FTR33__change_quantiles__f_agg_""var""__isabs_False__qh_0.6__ql_0.8",0
"FTR33__change_quantiles__f_agg_""var""__isabs_False__qh_0.8__ql_0.8",0
"FTR33__change_quantiles__f_agg_""var""__isabs_True__qh_0.2__ql_0.2",0
"FTR33__change_quantiles__f_agg_""var""__isabs_True__qh_0.2__ql_0.4",0
"FTR33__change_quantiles__f_agg_""var""__isabs_True__qh_0.2__ql_0.6",0
"FTR33__change_quantiles__f_agg_""var""__isabs_True__qh_0.2__ql_0.8",0
"FTR33__change_quantiles__f_agg_""var""__isabs_True__qh_0.4__ql_0.4",0
"FTR33__change_quantiles__f_agg_""var""__isabs_True__qh_0.4__ql_0.6",0
"FTR33__change_quantiles__f_agg_""var""__isabs_True__qh_0.4__ql_0.8",0
"FTR33__change_quantiles__f_agg_""var""__isabs_True__qh_0.6__ql_0.6",0
"FTR33__change_quantiles__f_agg_""var""__isabs_True__qh_0.6__ql_0.8",0
"FTR33__change_quantiles__f_agg_""var""__isabs_True__qh_0.8__ql_0.8",0
FTR45_min_y,0
FTR45_min,0
FTR27_min_y,0
FTR1_mean,0
FTR26_mean,0
FTR22_std_x,0
FTR49_std_x,0
FTR25_min,0
FTR7_std_x,0
FTR6_min,0
FTR6_min_y,0
FTR13_mean_x,0
FTR37_mean,0
FTR25_min_y,0
FTR26_mean_y,0
FTR3_mean_y,0
FTR1_mean_y,0
FTR15_min,0
FTR15_min_y,0
FTR25_mean_x,0
FTR22_mean_x,0
FTR31_mean_y,0
FTR19_mean,0
FTR49_mean,0
FTR3_mean,0
FTR4_mean,0
FTR20_std_x,0
FTR13_std_y,0
FTR40_mean_y,0
FTR20_mean_y,0
FTR26_std_x,0
FTR31_std_x,0
FTR15_std_x,0
FTR25_std_y,0
FTR38_min_y,0
FTR6_std_y,0
FTR50_min,0
FTR24_std_y,0
FTR22_std_y,0
FTR3_std_x,0
FTR1_std_x,0
FTR11_std_y,0
FTR25_std_x,0
FTR6_std_x,0
FTR13_std_x,0
FTR40_std_x,0
FTR11_std_x,0
FTR24_std_x,0
FTR37_mean_y,0
FTR49_mean_y,0
FTR22_min_y,0
FTR2_min,0
FTR26_mean_x,0
FTR2_min_y,0
FTR10_min,0
FTR10_min_y,0
FTR8_min_y,0
FTR4_min,0
FTR46_max,0
FTR19_mean_x,0
FTR46_max_x,0
FTR46_max_y,0
FTR49_mean_x,0
FTR37_mean_x,0
FTR24_mean_y,0
FTR4_min_y,0
FTR11_mean_y,0
FTR37_min,0
FTR27_min,0
FTR1_mean_x,0
FTR3_mean_x,0
FTR29_min,0
FTR12_min_y,0
FTR6_mean_x,0
FTR46_sum,0
FTR12_min,0
FTR21_min,0
FTR40_mean_x,0
FTR20_mean_x,0
FTR19_mean_y,0
FTR21_min_y,0
FTR40_min,0
FTR11_mean,0
FTR20_min,0
FTR5_min_y,0
FTR14_min,0
FTR22_min,0
FTR14_min_y,0
FTR40_min_y,0
FTR20_min_y,0
FTR24_mean,0
FTR33__variance_larger_than_standard_deviation,0
